Part_number,1,2,3,4,5,6,7,8,9,10,11,12,13
part1,17600,17600,17600,17600,17600,17600,17600,17600,17600,17600,17600,0,0
part2,4400,4400,4400,4400,4400,4400,4400,4400,4400,4400,0,0,0
part3,4400,4400,4400,4400,4400,4400,4400,4400,4400,0,0,0,0
part4,19800,19800,19800,19800,19800,19800,19800,19800,19800,0,0,0,0
part5,8800,8800,8800,8800,8800,8800,8800,8800,8800,8800,8800,8800,8800
part6,8800,8800,8800,8800,8800,8800,8800,0,0,0,0,0,0
part7,0,0,0,0,0,0,0,0,0,0,0,0,0
part8,0,0,0,0,0,0,0,0,0,0,0,0,0
part9,19800,19800,19800,19800,19800,19800,19800,19800,19800,19800,19800,19800,19800
part10,17600,17600,17600,17600,0,0,0,0,0,0,0,0,0
part11,19800,19800,19800,19800,0,0,0,0,0,0,0,0,0
part12,8800,8800,8800,8800,8800,0,0,0,0,0,0,0,0
part13,17600,17600,17600,17600,17600,17600,17600,17600,0,0,0,0,0
part14,22000,22000,22000,22000,0,0,0,0,0,0,0,0,0
part15,2200,2200,2200,2200,2200,2200,2200,2200,2200,2200,2200,2200,2200
part16,2200,0,0,0,0,0,0,0,0,0,0,0,0
part17,8800,8800,8800,8800,0,0,0,0,0,0,0,0,0
part18,0,0,0,0,0,0,0,0,0,0,0,0,0
part19,19800,19800,19800,19800,19800,19800,19800,0,0,0,0,0,0
part20,4400,4400,4400,4400,4400,4400,4400,4400,4400,4400,0,0,0
part21,13200,13200,13200,13200,13200,13200,13200,13200,13200,13200,0,0,0
part22,0,0,0,0,0,0,0,0,0,0,0,0,0
part23,19800,19800,19800,0,0,0,0,0,0,0,0,0,0
part24,15400,15400,15400,15400,15400,15400,0,0,0,0,0,0,0
part25,6600,6600,6600,6600,6600,6600,0,0,0,0,0,0,0
part26,19800,19800,19800,19800,19800,19800,19800,0,0,0,0,0,0
part27,6600,6600,0,0,0,0,0,0,0,0,0,0,0
part28,0,0,0,0,0,0,0,0,0,0,0,0,0
part29,8800,8800,8800,8800,8800,8800,8800,8800,8800,8800,8800,8800,8800
part30,4400,4400,4400,4400,4400,4400,4400,4400,4400,4400,4400,0,0
part31,15400,15400,15400,15400,0,0,0,0,0,0,0,0,0
part32,2200,2200,2200,2200,2200,2200,2200,2200,2200,2200,2200,2200,0
part33,17600,17600,17600,17600,17600,17600,17600,17600,17600,17600,17600,17600,0
part34,11000,11000,11000,11000,11000,11000,0,0,0,0,0,0,0
part35,8800,8800,8800,8800,8800,8800,8800,8800,8800,0,0,0,0
part36,19800,19800,19800,19800,19800,19800,0,0,0,0,0,0,0
part37,2200,2200,0,0,0,0,0,0,0,0,0,0,0
part38,0,0,0,0,0,0,0,0,0,0,0,0,0
part39,6600,6600,6600,6600,6600,6600,6600,6600,6600,6600,6600,6600,6600
part40,11000,11000,11000,11000,11000,11000,11000,11000,0,0,0,0,0
part41,2200,2200,2200,2200,2200,2200,2200,2200,2200,2200,2200,2200,0
part42,13200,0,0,0,0,0,0,0,0,0,0,0,0
part43,17600,17600,17600,17600,0,0,0,0,0,0,0,0,0
part44,19800,19800,19800,19800,19800,19800,19800,19800,19800,19800,0,0,0
part45,4400,4400,4400,4400,4400,4400,4400,4400,4400,4400,0,0,0
part46,2200,2200,2200,2200,2200,2200,2200,2200,2200,2200,2200,2200,2200
part47,8800,8800,8800,8800,8800,0,0,0,0,0,0,0,0
part48,19800,19800,19800,19800,19800,19800,19800,19800,19800,19800,19800,0,0
part49,15400,15400,15400,15400,15400,15400,0,0,0,0,0,0,0
part50,4400,0,0,0,0,0,0,0,0,0,0,0,0
part51,2200,2200,2200,2200,2200,2200,2200,2200,2200,2200,2200,2200,2200
part52,17600,17600,17600,17600,17600,17600,0,0,0,0,0,0,0
part53,17600,17600,0,0,0,0,0,0,0,0,0,0,0
part54,19800,19800,0,0,0,0,0,0,0,0,0,0,0
part55,11000,11000,11000,11000,11000,11000,0,0,0,0,0,0,0
part56,4400,4400,4400,0,0,0,0,0,0,0,0,0,0
part57,6600,6600,6600,0,0,0,0,0,0,0,0,0,0
part58,13200,13200,13200,13200,13200,0,0,0,0,0,0,0,0
part59,17600,17600,17600,17600,17600,17600,17600,17600,17600,17600,17600,17600,0
part60,11000,11000,11000,11000,11000,11000,11000,11000,11000,11000,0,0,0
part61,11000,11000,11000,11000,11000,11000,11000,11000,11000,11000,11000,11000,11000
part62,11000,11000,0,0,0,0,0,0,0,0,0,0,0
part63,4400,4400,4400,4400,4400,4400,4400,4400,4400,4400,4400,4400,0
part64,2200,2200,2200,2200,2200,2200,2200,2200,0,0,0,0,0
part65,22000,22000,22000,22000,22000,22000,0,0,0,0,0,0,0
part66,8800,8800,8800,8800,8800,8800,0,0,0,0,0,0,0
part67,22000,22000,22000,22000,0,0,0,0,0,0,0,0,0
part68,11000,11000,11000,11000,0,0,0,0,0,0,0,0,0
part69,0,0,0,0,0,0,0,0,0,0,0,0,0
part70,15400,15400,15400,0,0,0,0,0,0,0,0,0,0
part71,19800,19800,19800,19800,0,0,0,0,0,0,0,0,0
part72,15400,15400,0,0,0,0,0,0,0,0,0,0,0
part73,19800,19800,19800,19800,19800,0,0,0,0,0,0,0,0
part74,17600,17600,17600,17600,17600,17600,17600,17600,17600,17600,17600,0,0
part75,2200,2200,2200,2200,2200,2200,2200,2200,2200,2200,2200,2200,2200
part76,15400,15400,15400,15400,15400,15400,15400,15400,15400,15400,15400,0,0
part77,17600,17600,0,0,0,0,0,0,0,0,0,0,0
part78,17600,17600,0,0,0,0,0,0,0,0,0,0,0
part79,8800,8800,8800,8800,8800,8800,0,0,0,0,0,0,0
part80,11000,11000,11000,11000,0,0,0,0,0,0,0,0,0
part81,19800,19800,19800,19800,19800,19800,19800,19800,19800,0,0,0,0
part82,2200,2200,2200,2200,2200,2200,2200,2200,2200,0,0,0,0
part83,19800,0,0,0,0,0,0,0,0,0,0,0,0
part84,6600,6600,6600,6600,6600,6600,6600,6600,6600,6600,6600,6600,0
part85,6600,6600,6600,6600,6600,6600,6600,6600,6600,6600,6600,6600,0
part86,6600,6600,6600,6600,6600,6600,6600,6600,6600,6600,6600,6600,0
part87,11000,11000,11000,11000,11000,11000,11000,11000,11000,11000,0,0,0
part88,6600,6600,6600,6600,0,0,0,0,0,0,0,0,0
part89,4400,4400,4400,0,0,0,0,0,0,0,0,0,0
part90,15400,15400,15400,15400,15400,15400,0,0,0,0,0,0,0
part91,19800,19800,19800,19800,19800,19800,0,0,0,0,0,0,0
part92,4400,0,0,0,0,0,0,0,0,0,0,0,0
part93,0,0,0,0,0,0,0,0,0,0,0,0,0
part94,4400,4400,4400,4400,4400,0,0,0,0,0,0,0,0
part95,2200,2200,2200,0,0,0,0,0,0,0,0,0,0
part96,2200,0,0,0,0,0,0,0,0,0,0,0,0
part97,11000,11000,11000,11000,11000,11000,0,0,0,0,0,0,0
part98,2200,2200,2200,2200,2200,2200,2200,2200,2200,2200,2200,2200,0
part99,13200,13200,13200,13200,13200,13200,13200,13200,13200,13200,13200,13200,0
part100,19800,19800,19800,19800,19800,0,0,0,0,0,0,0,0
part101,15400,15400,15400,0,0,0,0,0,0,0,0,0,0
part102,2200,2200,2200,2200,2200,2200,2200,2200,2200,2200,0,0,0
part103,0,0,0,0,0,0,0,0,0,0,0,0,0
part104,2200,2200,2200,0,0,0,0,0,0,0,0,0,0
part105,17600,17600,17600,17600,17600,17600,17600,17600,17600,17600,0,0,0
part106,0,0,0,0,0,0,0,0,0,0,0,0,0
part107,22000,22000,22000,22000,22000,22000,22000,0,0,0,0,0,0
part108,8800,0,0,0,0,0,0,0,0,0,0,0,0
part109,11000,0,0,0,0,0,0,0,0,0,0,0,0
part110,13200,13200,13200,13200,0,0,0,0,0,0,0,0,0
part111,19800,19800,19800,19800,19800,0,0,0,0,0,0,0,0
part112,2200,2200,2200,2200,2200,2200,2200,2200,2200,2200,0,0,0
part113,22000,22000,22000,22000,22000,22000,22000,22000,22000,22000,22000,22000,22000
part114,15400,15400,15400,15400,15400,15400,15400,0,0,0,0,0,0
part115,4400,4400,4400,4400,4400,4400,4400,4400,4400,4400,4400,4400,4400
part116,15400,15400,15400,15400,15400,15400,15400,15400,15400,0,0,0,0
part117,4400,4400,4400,4400,4400,4400,4400,4400,4400,4400,0,0,0
part118,13200,13200,13200,13200,13200,0,0,0,0,0,0,0,0
part119,22000,22000,22000,22000,22000,22000,0,0,0,0,0,0,0
part120,11000,11000,0,0,0,0,0,0,0,0,0,0,0
part121,22000,22000,22000,22000,22000,22000,22000,22000,22000,22000,22000,0,0
part122,2200,2200,2200,2200,2200,2200,2200,2200,0,0,0,0,0
part123,19800,19800,19800,19800,0,0,0,0,0,0,0,0,0
part124,0,0,0,0,0,0,0,0,0,0,0,0,0
part125,15400,15400,15400,15400,15400,0,0,0,0,0,0,0,0
part126,13200,13200,13200,13200,13200,13200,13200,13200,13200,0,0,0,0
part127,4400,4400,4400,4400,4400,4400,4400,4400,4400,4400,4400,4400,0
part128,2200,0,0,0,0,0,0,0,0,0,0,0,0
part129,15400,15400,15400,15400,15400,15400,15400,0,0,0,0,0,0
part130,2200,2200,2200,2200,2200,2200,2200,2200,0,0,0,0,0
part131,15400,15400,15400,15400,0,0,0,0,0,0,0,0,0
part132,2200,2200,2200,2200,2200,2200,2200,2200,2200,2200,2200,2200,0
part133,11000,11000,11000,11000,11000,11000,11000,11000,11000,11000,0,0,0
part134,4400,4400,4400,0,0,0,0,0,0,0,0,0,0
part135,19800,0,0,0,0,0,0,0,0,0,0,0,0
part136,19800,19800,19800,19800,19800,19800,19800,19800,19800,0,0,0,0
part137,13200,0,0,0,0,0,0,0,0,0,0,0,0
part138,0,0,0,0,0,0,0,0,0,0,0,0,0
part139,11000,11000,11000,11000,11000,11000,11000,11000,11000,0,0,0,0
part140,22000,22000,22000,22000,22000,22000,22000,22000,22000,0,0,0,0
part141,19800,19800,19800,19800,19800,19800,19800,19800,19800,19800,19800,0,0
part142,17600,17600,17600,17600,17600,17600,17600,17600,0,0,0,0,0
part143,2200,2200,0,0,0,0,0,0,0,0,0,0,0
part144,2200,2200,2200,2200,2200,2200,2200,0,0,0,0,0,0
part145,2200,2200,2200,2200,2200,2200,2200,2200,2200,2200,2200,2200,0
part146,2200,2200,2200,2200,2200,2200,2200,2200,2200,2200,2200,2200,0
part147,0,0,0,0,0,0,0,0,0,0,0,0,0
part148,17600,17600,17600,17600,17600,0,0,0,0,0,0,0,0
part149,0,0,0,0,0,0,0,0,0,0,0,0,0
part150,4400,4400,4400,4400,4400,4400,0,0,0,0,0,0,0
part151,0,0,0,0,0,0,0,0,0,0,0,0,0
part152,22000,0,0,0,0,0,0,0,0,0,0,0,0
part153,4400,4400,4400,4400,4400,4400,4400,4400,4400,4400,4400,4400,0
part154,19800,19800,19800,19800,19800,0,0,0,0,0,0,0,0
part155,0,0,0,0,0,0,0,0,0,0,0,0,0
part156,22000,22000,22000,22000,22000,22000,22000,22000,22000,22000,0,0,0
part157,4400,4400,4400,4400,4400,4400,4400,4400,4400,0,0,0,0
part158,4400,4400,4400,4400,4400,4400,4400,4400,4400,0,0,0,0
part159,6600,6600,6600,6600,6600,6600,6600,6600,6600,6600,6600,0,0
part160,19800,19800,19800,19800,19800,19800,19800,19800,19800,19800,19800,0,0
part161,19800,19800,19800,19800,19800,19800,0,0,0,0,0,0,0
part162,13200,13200,13200,13200,13200,13200,13200,0,0,0,0,0,0
part163,13200,13200,13200,13200,13200,13200,13200,13200,0,0,0,0,0
part164,8800,8800,8800,8800,8800,8800,8800,0,0,0,0,0,0
part165,15400,15400,15400,15400,15400,15400,15400,15400,15400,0,0,0,0
part166,2200,2200,2200,2200,2200,0,0,0,0,0,0,0,0
part167,13200,0,0,0,0,0,0,0,0,0,0,0,0
part168,8800,8800,8800,8800,0,0,0,0,0,0,0,0,0
part169,2200,2200,2200,2200,2200,2200,2200,2200,2200,0,0,0,0
part170,22000,0,0,0,0,0,0,0,0,0,0,0,0
part171,19800,19800,19800,19800,19800,19800,19800,19800,19800,19800,19800,0,0
part172,8800,8800,0,0,0,0,0,0,0,0,0,0,0
part173,0,0,0,0,0,0,0,0,0,0,0,0,0
part174,8800,8800,8800,0,0,0,0,0,0,0,0,0,0
part175,17600,17600,17600,0,0,0,0,0,0,0,0,0,0
part176,13200,13200,13200,13200,0,0,0,0,0,0,0,0,0
part177,11000,11000,11000,11000,11000,11000,11000,11000,11000,11000,11000,0,0
part178,19800,19800,19800,19800,19800,19800,19800,0,0,0,0,0,0
part179,17600,17600,17600,17600,17600,17600,17600,17600,17600,17600,17600,17600,0
part180,11000,11000,11000,11000,11000,11000,0,0,0,0,0,0,0
part181,6600,6600,6600,6600,6600,6600,6600,6600,0,0,0,0,0
part182,2200,0,0,0,0,0,0,0,0,0,0,0,0
part183,13200,0,0,0,0,0,0,0,0,0,0,0,0
part184,0,0,0,0,0,0,0,0,0,0,0,0,0
part185,22000,0,0,0,0,0,0,0,0,0,0,0,0
part186,17600,0,0,0,0,0,0,0,0,0,0,0,0
part187,11000,0,0,0,0,0,0,0,0,0,0,0,0
part188,2200,2200,2200,2200,2200,2200,2200,2200,2200,2200,2200,2200,0
part189,4400,4400,4400,0,0,0,0,0,0,0,0,0,0
part190,17600,17600,17600,17600,17600,17600,17600,17600,17600,17600,17600,0,0
part191,13200,13200,13200,13200,13200,13200,13200,13200,13200,13200,13200,13200,13200
part192,6600,6600,6600,6600,6600,6600,6600,6600,0,0,0,0,0
part193,2200,2200,2200,2200,2200,2200,2200,2200,2200,2200,0,0,0
part194,17600,17600,17600,17600,17600,17600,17600,17600,17600,17600,0,0,0
part195,19800,19800,19800,19800,19800,19800,19800,19800,0,0,0,0,0
part196,11000,11000,11000,11000,11000,11000,11000,11000,11000,11000,11000,11000,0
part197,22000,22000,22000,22000,22000,22000,22000,22000,22000,22000,22000,22000,22000
part198,13200,13200,13200,13200,13200,13200,13200,13200,0,0,0,0,0
part199,19800,19800,19800,19800,19800,19800,19800,0,0,0,0,0,0
part200,19800,19800,19800,19800,19800,19800,19800,19800,19800,19800,19800,19800,0
part201,8800,8800,8800,8800,8800,8800,8800,8800,8800,8800,8800,0,0
part202,4400,4400,4400,4400,4400,0,0,0,0,0,0,0,0
part203,11000,11000,11000,11000,11000,11000,11000,0,0,0,0,0,0
part204,15400,15400,15400,15400,15400,15400,15400,0,0,0,0,0,0
part205,6600,0,0,0,0,0,0,0,0,0,0,0,0
part206,4400,4400,4400,4400,4400,4400,4400,4400,4400,0,0,0,0
part207,0,0,0,0,0,0,0,0,0,0,0,0,0
part208,22000,22000,22000,22000,22000,22000,22000,22000,22000,22000,22000,22000,0
part209,17600,17600,17600,17600,17600,17600,17600,17600,17600,0,0,0,0
part210,4400,4400,4400,4400,4400,4400,0,0,0,0,0,0,0
part211,17600,17600,17600,17600,17600,17600,17600,17600,17600,17600,0,0,0
part212,22000,22000,22000,22000,22000,22000,22000,22000,22000,22000,0,0,0
part213,4400,4400,4400,4400,4400,4400,4400,0,0,0,0,0,0
part214,19800,19800,19800,19800,19800,19800,19800,19800,19800,19800,19800,19800,19800
part215,19800,0,0,0,0,0,0,0,0,0,0,0,0
part216,15400,15400,15400,15400,15400,0,0,0,0,0,0,0,0
part217,8800,8800,8800,8800,8800,8800,8800,8800,8800,8800,8800,0,0
part218,15400,15400,15400,15400,15400,15400,15400,15400,0,0,0,0,0
part219,2200,2200,2200,2200,2200,2200,2200,2200,0,0,0,0,0
part220,17600,17600,17600,17600,17600,17600,17600,0,0,0,0,0,0
part221,6600,6600,6600,6600,6600,6600,6600,6600,6600,6600,6600,6600,0
part222,17600,17600,17600,17600,17600,17600,17600,17600,17600,17600,17600,17600,17600
part223,8800,8800,8800,8800,8800,8800,8800,8800,8800,8800,8800,8800,0
part224,22000,22000,22000,0,0,0,0,0,0,0,0,0,0
part225,15400,15400,15400,15400,15400,15400,15400,15400,15400,15400,15400,15400,0
part226,4400,4400,4400,4400,4400,0,0,0,0,0,0,0,0
part227,6600,6600,6600,6600,6600,0,0,0,0,0,0,0,0
part228,19800,19800,19800,19800,19800,19800,19800,19800,19800,19800,19800,0,0
part229,0,0,0,0,0,0,0,0,0,0,0,0,0
part230,8800,8800,8800,0,0,0,0,0,0,0,0,0,0
part231,2200,2200,2200,2200,2200,2200,0,0,0,0,0,0,0
part232,11000,11000,11000,11000,11000,11000,11000,11000,11000,11000,11000,11000,0
part233,4400,4400,4400,0,0,0,0,0,0,0,0,0,0
part234,2200,0,0,0,0,0,0,0,0,0,0,0,0
part235,0,0,0,0,0,0,0,0,0,0,0,0,0
part236,19800,19800,19800,19800,19800,19800,19800,19800,19800,19800,0,0,0
part237,4400,4400,4400,4400,0,0,0,0,0,0,0,0,0
part238,6600,6600,6600,6600,6600,0,0,0,0,0,0,0,0
part239,19800,19800,19800,19800,19800,19800,19800,19800,19800,0,0,0,0
part240,15400,0,0,0,0,0,0,0,0,0,0,0,0
part241,22000,22000,22000,22000,22000,22000,22000,22000,22000,22000,22000,22000,0
part242,15400,15400,15400,15400,15400,15400,15400,15400,15400,15400,15400,15400,0
part243,4400,4400,4400,4400,4400,4400,4400,4400,4400,0,0,0,0
part244,13200,13200,13200,13200,13200,13200,13200,13200,0,0,0,0,0
part245,8800,8800,8800,8800,8800,8800,8800,8800,8800,8800,8800,8800,0
part246,2200,2200,0,0,0,0,0,0,0,0,0,0,0
part247,2200,2200,2200,2200,2200,2200,2200,2200,2200,2200,2200,2200,2200
part248,19800,19800,19800,19800,19800,19800,19800,19800,19800,19800,0,0,0
part249,17600,17600,17600,17600,17600,17600,17600,17600,17600,17600,17600,0,0
part250,22000,22000,22000,22000,22000,0,0,0,0,0,0,0,0
part251,19800,19800,19800,19800,0,0,0,0,0,0,0,0,0
part252,2200,2200,2200,2200,2200,0,0,0,0,0,0,0,0
part253,11000,11000,11000,11000,11000,11000,11000,11000,11000,0,0,0,0
part254,15400,15400,15400,15400,15400,15400,15400,15400,15400,15400,15400,15400,15400
part255,13200,13200,13200,13200,0,0,0,0,0,0,0,0,0
part256,6600,6600,6600,6600,6600,6600,6600,6600,6600,6600,6600,6600,0
part257,8800,8800,8800,8800,8800,8800,8800,8800,8800,0,0,0,0
part258,17600,17600,17600,0,0,0,0,0,0,0,0,0,0
part259,4400,4400,4400,4400,4400,4400,4400,4400,0,0,0,0,0
part260,4400,4400,4400,4400,0,0,0,0,0,0,0,0,0
part261,0,0,0,0,0,0,0,0,0,0,0,0,0
part262,11000,11000,11000,11000,11000,11000,11000,11000,11000,11000,11000,11000,11000
part263,15400,15400,0,0,0,0,0,0,0,0,0,0,0
part264,2200,2200,2200,2200,2200,2200,2200,2200,2200,2200,2200,0,0
part265,17600,17600,0,0,0,0,0,0,0,0,0,0,0
part266,22000,22000,22000,22000,22000,22000,22000,22000,22000,22000,22000,0,0
part267,15400,15400,15400,15400,15400,15400,15400,15400,15400,15400,15400,15400,0
part268,17600,17600,17600,17600,17600,0,0,0,0,0,0,0,0
part269,4400,4400,4400,4400,4400,4400,4400,4400,4400,4400,4400,4400,4400
part270,8800,8800,8800,8800,8800,8800,8800,8800,0,0,0,0,0
part271,6600,6600,6600,6600,6600,6600,6600,6600,6600,6600,6600,6600,0
part272,2200,2200,2200,2200,2200,2200,2200,2200,2200,2200,0,0,0
part273,2200,2200,2200,2200,2200,0,0,0,0,0,0,0,0
part274,2200,2200,2200,2200,2200,2200,2200,2200,2200,0,0,0,0
part275,6600,6600,6600,6600,6600,6600,6600,6600,6600,6600,6600,0,0
part276,2200,2200,2200,2200,2200,2200,2200,0,0,0,0,0,0
part277,2200,0,0,0,0,0,0,0,0,0,0,0,0
part278,19800,19800,19800,19800,19800,19800,19800,19800,19800,19800,19800,19800,19800
part279,2200,2200,2200,2200,2200,2200,2200,2200,2200,2200,2200,2200,2200
part280,2200,2200,2200,2200,2200,2200,2200,2200,2200,2200,0,0,0
part281,17600,17600,17600,17600,17600,0,0,0,0,0,0,0,0
part282,11000,11000,0,0,0,0,0,0,0,0,0,0,0
part283,22000,22000,22000,22000,22000,22000,22000,22000,22000,22000,22000,0,0
part284,2200,2200,2200,0,0,0,0,0,0,0,0,0,0
part285,11000,11000,11000,11000,11000,11000,11000,11000,11000,11000,0,0,0
part286,17600,17600,17600,17600,17600,17600,17600,17600,17600,17600,17600,17600,0
part287,2200,2200,2200,2200,2200,2200,2200,2200,2200,0,0,0,0
part288,19800,19800,19800,19800,19800,19800,19800,19800,19800,19800,19800,0,0
part289,13200,13200,0,0,0,0,0,0,0,0,0,0,0
part290,15400,15400,15400,15400,0,0,0,0,0,0,0,0,0
part291,2200,2200,2200,2200,2200,2200,2200,2200,2200,2200,2200,0,0
part292,6600,6600,6600,6600,6600,6600,6600,6600,6600,6600,0,0,0
part293,8800,8800,8800,8800,8800,8800,8800,0,0,0,0,0,0
part294,11000,11000,11000,11000,11000,11000,11000,11000,11000,11000,11000,11000,0
part295,4400,4400,4400,4400,4400,4400,0,0,0,0,0,0,0
part296,0,0,0,0,0,0,0,0,0,0,0,0,0
part297,6600,6600,6600,6600,6600,6600,0,0,0,0,0,0,0
part298,0,0,0,0,0,0,0,0,0,0,0,0,0
part299,13200,13200,13200,13200,13200,13200,13200,13200,13200,0,0,0,0
part300,22000,22000,22000,22000,22000,22000,22000,0,0,0,0,0,0
part301,4400,4400,4400,4400,4400,4400,4400,4400,4400,4400,4400,4400,0
part302,19800,19800,19800,19800,19800,19800,19800,19800,19800,19800,19800,19800,19800
part303,4400,4400,4400,4400,4400,4400,4400,4400,4400,4400,4400,0,0
part304,6600,6600,6600,6600,6600,6600,6600,6600,0,0,0,0,0
part305,15400,0,0,0,0,0,0,0,0,0,0,0,0
part306,6600,6600,6600,0,0,0,0,0,0,0,0,0,0
part307,2200,2200,2200,2200,2200,0,0,0,0,0,0,0,0
part308,13200,13200,13200,13200,0,0,0,0,0,0,0,0,0
part309,4400,4400,4400,4400,4400,4400,0,0,0,0,0,0,0
part310,19800,19800,19800,19800,19800,0,0,0,0,0,0,0,0
part311,11000,11000,11000,11000,11000,11000,11000,0,0,0,0,0,0
part312,13200,13200,13200,13200,13200,13200,0,0,0,0,0,0,0
part313,17600,17600,17600,17600,17600,0,0,0,0,0,0,0,0
part314,0,0,0,0,0,0,0,0,0,0,0,0,0
part315,15400,15400,15400,15400,15400,15400,15400,15400,15400,15400,15400,15400,15400
part316,2200,2200,2200,2200,2200,2200,2200,2200,2200,2200,2200,2200,2200
part317,8800,8800,8800,8800,8800,8800,8800,8800,8800,8800,0,0,0
part318,17600,17600,17600,0,0,0,0,0,0,0,0,0,0
part319,2200,2200,2200,2200,0,0,0,0,0,0,0,0,0
part320,17600,0,0,0,0,0,0,0,0,0,0,0,0
part321,2200,2200,2200,2200,2200,0,0,0,0,0,0,0,0
part322,13200,13200,13200,13200,0,0,0,0,0,0,0,0,0
part323,15400,15400,15400,15400,15400,15400,15400,15400,15400,15400,0,0,0
part324,17600,17600,17600,17600,17600,17600,17600,17600,0,0,0,0,0
part325,22000,22000,22000,22000,0,0,0,0,0,0,0,0,0
part326,11000,11000,11000,0,0,0,0,0,0,0,0,0,0
part327,2200,2200,2200,2200,2200,2200,2200,2200,2200,2200,2200,2200,0
part328,0,0,0,0,0,0,0,0,0,0,0,0,0
part329,13200,13200,0,0,0,0,0,0,0,0,0,0,0
part330,22000,22000,22000,22000,22000,22000,22000,22000,22000,22000,0,0,0
part331,8800,8800,8800,0,0,0,0,0,0,0,0,0,0
part332,19800,19800,19800,19800,19800,19800,19800,19800,19800,19800,19800,19800,0
part333,13200,13200,13200,13200,13200,13200,13200,0,0,0,0,0,0
part334,13200,0,0,0,0,0,0,0,0,0,0,0,0
part335,22000,22000,22000,22000,22000,22000,0,0,0,0,0,0,0
part336,17600,17600,17600,17600,17600,17600,17600,17600,17600,0,0,0,0
part337,13200,13200,13200,13200,13200,13200,13200,0,0,0,0,0,0
part338,4400,4400,4400,4400,4400,4400,0,0,0,0,0,0,0
part339,13200,13200,13200,13200,13200,13200,0,0,0,0,0,0,0
part340,11000,11000,11000,11000,11000,11000,11000,11000,11000,11000,11000,0,0
part341,4400,0,0,0,0,0,0,0,0,0,0,0,0
part342,6600,6600,0,0,0,0,0,0,0,0,0,0,0
part343,13200,13200,13200,13200,13200,13200,13200,13200,0,0,0,0,0
part344,11000,11000,11000,11000,11000,11000,11000,11000,11000,0,0,0,0
part345,4400,4400,4400,4400,4400,4400,4400,4400,4400,4400,0,0,0
part346,0,0,0,0,0,0,0,0,0,0,0,0,0
part347,17600,17600,17600,17600,17600,0,0,0,0,0,0,0,0
part348,15400,15400,15400,15400,15400,15400,15400,15400,15400,15400,15400,15400,0
part349,17600,17600,17600,17600,17600,0,0,0,0,0,0,0,0
part350,22000,22000,0,0,0,0,0,0,0,0,0,0,0
part351,11000,11000,11000,11000,11000,11000,11000,11000,11000,11000,11000,11000,0
part352,22000,22000,22000,0,0,0,0,0,0,0,0,0,0
part353,15400,15400,15400,15400,15400,0,0,0,0,0,0,0,0
part354,6600,6600,6600,6600,6600,0,0,0,0,0,0,0,0
part355,4400,4400,4400,4400,0,0,0,0,0,0,0,0,0
part356,4400,4400,4400,0,0,0,0,0,0,0,0,0,0
part357,13200,13200,13200,13200,13200,13200,13200,13200,13200,0,0,0,0
part358,13200,13200,13200,13200,13200,13200,13200,13200,13200,13200,0,0,0
part359,8800,8800,8800,8800,8800,8800,8800,8800,8800,8800,8800,8800,8800
part360,19800,19800,19800,19800,19800,19800,19800,19800,19800,0,0,0,0
part361,8800,8800,8800,8800,8800,8800,8800,8800,0,0,0,0,0
part362,11000,0,0,0,0,0,0,0,0,0,0,0,0
part363,8800,8800,8800,8800,8800,8800,8800,8800,8800,8800,8800,0,0
part364,4400,4400,4400,4400,0,0,0,0,0,0,0,0,0
part365,15400,15400,15400,15400,15400,15400,15400,15400,0,0,0,0,0
part366,0,0,0,0,0,0,0,0,0,0,0,0,0
part367,19800,19800,19800,19800,19800,19800,19800,0,0,0,0,0,0
part368,15400,15400,15400,15400,15400,15400,15400,15400,15400,15400,0,0,0
part369,19800,0,0,0,0,0,0,0,0,0,0,0,0
part370,4400,4400,4400,4400,4400,0,0,0,0,0,0,0,0
part371,4400,4400,4400,4400,4400,4400,4400,4400,4400,4400,0,0,0
part372,8800,8800,8800,8800,8800,8800,0,0,0,0,0,0,0
part373,0,0,0,0,0,0,0,0,0,0,0,0,0
part374,4400,4400,4400,4400,4400,4400,4400,4400,4400,4400,4400,0,0
part375,6600,6600,6600,6600,6600,6600,6600,6600,0,0,0,0,0
part376,6600,6600,6600,6600,6600,6600,6600,6600,6600,6600,0,0,0
part377,2200,2200,2200,2200,2200,2200,2200,2200,2200,2200,2200,2200,0
part378,2200,2200,2200,2200,2200,2200,2200,2200,0,0,0,0,0
part379,11000,11000,11000,11000,11000,0,0,0,0,0,0,0,0
part380,6600,0,0,0,0,0,0,0,0,0,0,0,0
part381,13200,13200,13200,13200,13200,13200,13200,13200,13200,13200,13200,13200,13200
part382,13200,13200,13200,13200,13200,13200,13200,13200,13200,13200,13200,0,0
part383,17600,0,0,0,0,0,0,0,0,0,0,0,0
part384,2200,2200,2200,2200,0,0,0,0,0,0,0,0,0
part385,8800,8800,8800,8800,8800,8800,8800,8800,8800,8800,8800,0,0
part386,15400,15400,15400,15400,15400,15400,15400,15400,15400,15400,15400,0,0
part387,19800,19800,0,0,0,0,0,0,0,0,0,0,0
part388,11000,11000,11000,11000,11000,0,0,0,0,0,0,0,0
part389,0,0,0,0,0,0,0,0,0,0,0,0,0
part390,22000,22000,22000,22000,22000,22000,22000,22000,22000,22000,22000,0,0
part391,2200,2200,2200,2200,2200,2200,2200,2200,2200,2200,0,0,0
part392,13200,13200,13200,13200,13200,13200,0,0,0,0,0,0,0
part393,15400,15400,15400,15400,15400,15400,15400,15400,0,0,0,0,0
part394,6600,6600,6600,6600,6600,6600,6600,6600,6600,6600,6600,6600,0
part395,15400,15400,15400,15400,15400,0,0,0,0,0,0,0,0
part396,22000,22000,22000,22000,22000,0,0,0,0,0,0,0,0
part397,2200,2200,2200,2200,2200,2200,2200,2200,2200,2200,2200,0,0
part398,13200,13200,13200,13200,13200,13200,13200,13200,13200,0,0,0,0
part399,8800,8800,8800,8800,0,0,0,0,0,0,0,0,0
part400,6600,6600,6600,6600,6600,0,0,0,0,0,0,0,0
part401,17600,17600,17600,17600,17600,17600,17600,17600,17600,17600,0,0,0
part402,22000,22000,22000,22000,22000,22000,22000,0,0,0,0,0,0
part403,17600,17600,17600,17600,0,0,0,0,0,0,0,0,0
part404,8800,8800,8800,8800,8800,8800,0,0,0,0,0,0,0
part405,15400,15400,15400,15400,15400,15400,15400,15400,0,0,0,0,0
part406,0,0,0,0,0,0,0,0,0,0,0,0,0
part407,17600,17600,17600,17600,17600,0,0,0,0,0,0,0,0
part408,11000,11000,0,0,0,0,0,0,0,0,0,0,0
part409,11000,11000,11000,11000,11000,11000,11000,11000,11000,0,0,0,0
part410,4400,0,0,0,0,0,0,0,0,0,0,0,0
part411,8800,8800,8800,8800,8800,8800,8800,0,0,0,0,0,0
part412,4400,4400,4400,0,0,0,0,0,0,0,0,0,0
part413,6600,6600,6600,6600,6600,6600,0,0,0,0,0,0,0
part414,13200,13200,13200,13200,13200,13200,13200,13200,13200,13200,13200,13200,13200
part415,2200,2200,2200,0,0,0,0,0,0,0,0,0,0
part416,17600,17600,17600,17600,17600,17600,17600,17600,17600,17600,17600,0,0
part417,4400,4400,4400,4400,4400,4400,4400,4400,4400,4400,0,0,0
part418,0,0,0,0,0,0,0,0,0,0,0,0,0
part419,19800,19800,19800,19800,19800,19800,19800,19800,19800,19800,0,0,0
part420,6600,6600,6600,6600,6600,6600,6600,6600,0,0,0,0,0
part421,6600,6600,6600,6600,6600,6600,6600,0,0,0,0,0,0
part422,6600,6600,0,0,0,0,0,0,0,0,0,0,0
part423,22000,22000,22000,22000,22000,22000,22000,22000,22000,22000,22000,0,0
part424,19800,19800,19800,19800,19800,19800,0,0,0,0,0,0,0
part425,15400,15400,15400,15400,15400,15400,15400,15400,15400,15400,15400,15400,0
part426,4400,4400,0,0,0,0,0,0,0,0,0,0,0
part427,8800,8800,8800,8800,8800,0,0,0,0,0,0,0,0
part428,4400,4400,4400,4400,4400,4400,4400,0,0,0,0,0,0
part429,6600,6600,6600,6600,6600,6600,6600,6600,6600,6600,0,0,0
part430,4400,0,0,0,0,0,0,0,0,0,0,0,0
part431,22000,22000,22000,0,0,0,0,0,0,0,0,0,0
part432,8800,8800,8800,0,0,0,0,0,0,0,0,0,0
part433,17600,17600,17600,0,0,0,0,0,0,0,0,0,0
part434,0,0,0,0,0,0,0,0,0,0,0,0,0
part435,6600,6600,6600,6600,6600,6600,0,0,0,0,0,0,0
part436,22000,22000,22000,22000,22000,22000,22000,22000,22000,22000,22000,22000,0
part437,6600,6600,6600,6600,6600,6600,6600,0,0,0,0,0,0
part438,6600,6600,6600,6600,6600,0,0,0,0,0,0,0,0
part439,22000,22000,22000,22000,0,0,0,0,0,0,0,0,0
part440,17600,17600,17600,0,0,0,0,0,0,0,0,0,0
part441,15400,15400,15400,15400,15400,15400,15400,15400,15400,15400,15400,0,0
part442,4400,4400,4400,4400,4400,4400,4400,0,0,0,0,0,0
part443,22000,22000,22000,22000,22000,22000,22000,22000,22000,22000,0,0,0
part444,13200,13200,13200,0,0,0,0,0,0,0,0,0,0
part445,0,0,0,0,0,0,0,0,0,0,0,0,0
part446,2200,2200,2200,2200,2200,2200,0,0,0,0,0,0,0
part447,8800,8800,8800,8800,8800,8800,8800,8800,8800,0,0,0,0
part448,8800,8800,8800,8800,8800,8800,8800,8800,0,0,0,0,0
part449,2200,2200,2200,2200,2200,2200,2200,2200,2200,2200,2200,2200,0
part450,22000,22000,22000,22000,0,0,0,0,0,0,0,0,0
part451,19800,19800,19800,19800,19800,19800,0,0,0,0,0,0,0
part452,22000,22000,22000,22000,22000,22000,0,0,0,0,0,0,0
part453,19800,19800,19800,19800,19800,0,0,0,0,0,0,0,0
part454,6600,6600,6600,6600,6600,6600,6600,6600,0,0,0,0,0
part455,2200,2200,2200,2200,2200,0,0,0,0,0,0,0,0
part456,2200,2200,0,0,0,0,0,0,0,0,0,0,0
part457,15400,15400,15400,15400,15400,15400,0,0,0,0,0,0,0
part458,2200,2200,0,0,0,0,0,0,0,0,0,0,0
part459,2200,2200,2200,2200,2200,0,0,0,0,0,0,0,0
part460,11000,11000,11000,11000,11000,11000,0,0,0,0,0,0,0
part461,0,0,0,0,0,0,0,0,0,0,0,0,0
part462,13200,13200,13200,13200,13200,13200,13200,13200,13200,13200,13200,0,0
part463,0,0,0,0,0,0,0,0,0,0,0,0,0
part464,0,0,0,0,0,0,0,0,0,0,0,0,0
part465,6600,6600,6600,6600,6600,6600,6600,6600,6600,6600,6600,6600,0
part466,15400,15400,15400,15400,15400,15400,15400,15400,15400,15400,0,0,0
part467,13200,0,0,0,0,0,0,0,0,0,0,0,0
part468,6600,6600,6600,6600,6600,6600,6600,0,0,0,0,0,0
part469,6600,0,0,0,0,0,0,0,0,0,0,0,0
part470,17600,0,0,0,0,0,0,0,0,0,0,0,0
part471,15400,15400,15400,15400,15400,15400,15400,15400,15400,15400,15400,15400,15400
part472,8800,8800,8800,8800,8800,8800,8800,8800,8800,8800,8800,8800,8800
part473,22000,22000,22000,22000,22000,22000,22000,22000,22000,22000,22000,22000,0
part474,6600,0,0,0,0,0,0,0,0,0,0,0,0
part475,8800,8800,8800,8800,8800,8800,8800,8800,8800,8800,8800,0,0
part476,22000,0,0,0,0,0,0,0,0,0,0,0,0
part477,13200,13200,13200,13200,13200,13200,13200,0,0,0,0,0,0
part478,17600,17600,17600,17600,17600,17600,17600,17600,17600,17600,0,0,0
part479,8800,8800,8800,8800,8800,8800,8800,8800,8800,8800,8800,0,0
part480,15400,15400,15400,15400,15400,15400,15400,15400,15400,15400,0,0,0
part481,4400,4400,4400,4400,4400,4400,4400,4400,4400,4400,0,0,0
part482,8800,8800,8800,8800,8800,8800,8800,8800,8800,8800,0,0,0
part483,13200,13200,13200,13200,0,0,0,0,0,0,0,0,0
part484,4400,4400,4400,4400,4400,4400,4400,4400,4400,4400,4400,4400,0
part485,4400,4400,4400,4400,4400,4400,4400,4400,4400,4400,0,0,0
part486,15400,15400,15400,0,0,0,0,0,0,0,0,0,0
part487,6600,0,0,0,0,0,0,0,0,0,0,0,0
part488,15400,15400,15400,15400,15400,0,0,0,0,0,0,0,0
part489,8800,8800,8800,8800,8800,8800,8800,8800,0,0,0,0,0
part490,2200,2200,2200,2200,0,0,0,0,0,0,0,0,0
part491,22000,22000,22000,22000,22000,22000,0,0,0,0,0,0,0
part492,0,0,0,0,0,0,0,0,0,0,0,0,0
part493,2200,2200,2200,2200,2200,2200,2200,2200,2200,2200,2200,2200,0
part494,11000,11000,11000,11000,11000,11000,11000,11000,11000,11000,11000,11000,11000
part495,22000,22000,22000,22000,22000,22000,0,0,0,0,0,0,0
part496,11000,11000,11000,11000,11000,0,0,0,0,0,0,0,0
part497,8800,8800,8800,8800,8800,0,0,0,0,0,0,0,0
part498,2200,2200,2200,2200,2200,2200,2200,2200,2200,2200,2200,2200,0
part499,2200,2200,2200,2200,2200,2200,2200,2200,2200,2200,0,0,0
part500,17600,17600,17600,17600,17600,17600,17600,17600,17600,17600,17600,17600,17600
part501,4400,4400,4400,4400,0,0,0,0,0,0,0,0,0
part502,13200,0,0,0,0,0,0,0,0,0,0,0,0
part503,8800,8800,8800,0,0,0,0,0,0,0,0,0,0
part504,15400,15400,15400,15400,15400,15400,15400,15400,15400,0,0,0,0
part505,0,0,0,0,0,0,0,0,0,0,0,0,0
part506,8800,8800,8800,8800,8800,8800,8800,8800,8800,8800,0,0,0
part507,4400,4400,4400,4400,4400,4400,4400,4400,4400,4400,4400,4400,4400
part508,2200,2200,2200,2200,2200,2200,2200,2200,2200,2200,2200,2200,0
part509,8800,8800,8800,8800,8800,8800,0,0,0,0,0,0,0
part510,0,0,0,0,0,0,0,0,0,0,0,0,0
part511,0,0,0,0,0,0,0,0,0,0,0,0,0
part512,19800,19800,19800,19800,19800,19800,19800,19800,19800,19800,0,0,0
part513,0,0,0,0,0,0,0,0,0,0,0,0,0
part514,8800,8800,8800,8800,8800,8800,8800,8800,8800,8800,0,0,0
part515,4400,4400,4400,4400,4400,4400,4400,4400,4400,0,0,0,0
part516,13200,13200,13200,13200,13200,13200,13200,13200,0,0,0,0,0
part517,22000,22000,22000,22000,22000,0,0,0,0,0,0,0,0
part518,17600,17600,17600,0,0,0,0,0,0,0,0,0,0
part519,15400,15400,15400,15400,15400,15400,15400,15400,15400,15400,15400,0,0
part520,13200,0,0,0,0,0,0,0,0,0,0,0,0
part521,0,0,0,0,0,0,0,0,0,0,0,0,0
part522,8800,8800,8800,8800,8800,8800,8800,8800,8800,8800,8800,0,0
part523,6600,6600,6600,0,0,0,0,0,0,0,0,0,0
part524,6600,6600,6600,6600,6600,0,0,0,0,0,0,0,0
part525,13200,13200,13200,0,0,0,0,0,0,0,0,0,0
part526,17600,17600,17600,17600,17600,17600,17600,17600,17600,17600,17600,17600,0
part527,6600,6600,6600,6600,6600,6600,6600,6600,0,0,0,0,0
part528,4400,4400,4400,4400,4400,4400,4400,4400,0,0,0,0,0
part529,2200,2200,2200,2200,2200,2200,2200,2200,2200,0,0,0,0
part530,8800,8800,8800,8800,8800,8800,0,0,0,0,0,0,0
part531,11000,11000,11000,11000,11000,11000,11000,11000,11000,11000,0,0,0
part532,19800,19800,19800,19800,19800,19800,19800,19800,19800,19800,19800,19800,19800
part533,8800,8800,8800,8800,0,0,0,0,0,0,0,0,0
part534,4400,4400,4400,4400,0,0,0,0,0,0,0,0,0
part535,2200,2200,2200,2200,2200,2200,2200,0,0,0,0,0,0
part536,2200,2200,0,0,0,0,0,0,0,0,0,0,0
part537,4400,4400,4400,4400,4400,4400,4400,4400,4400,0,0,0,0
part538,6600,6600,6600,6600,6600,6600,6600,6600,6600,6600,6600,6600,6600
part539,19800,19800,19800,19800,19800,19800,19800,19800,19800,19800,19800,19800,0
part540,2200,2200,2200,2200,2200,2200,2200,2200,0,0,0,0,0
part541,17600,17600,17600,17600,17600,0,0,0,0,0,0,0,0
part542,19800,19800,19800,19800,19800,19800,0,0,0,0,0,0,0
part543,19800,19800,19800,19800,19800,0,0,0,0,0,0,0,0
part544,2200,2200,2200,2200,2200,2200,2200,2200,2200,0,0,0,0
part545,19800,19800,19800,19800,0,0,0,0,0,0,0,0,0
part546,0,0,0,0,0,0,0,0,0,0,0,0,0
part547,4400,4400,4400,4400,4400,4400,4400,4400,4400,4400,4400,0,0
part548,13200,13200,13200,0,0,0,0,0,0,0,0,0,0
part549,13200,13200,13200,13200,13200,13200,0,0,0,0,0,0,0
part550,19800,0,0,0,0,0,0,0,0,0,0,0,0
part551,8800,8800,8800,8800,8800,8800,8800,8800,8800,8800,8800,8800,8800
part552,11000,11000,11000,11000,11000,11000,11000,11000,11000,11000,11000,11000,11000
part553,13200,13200,13200,13200,13200,13200,13200,0,0,0,0,0,0
part554,15400,0,0,0,0,0,0,0,0,0,0,0,0
part555,19800,19800,19800,19800,19800,19800,19800,19800,0,0,0,0,0
part556,17600,17600,17600,17600,17600,17600,17600,0,0,0,0,0,0
part557,15400,15400,15400,15400,15400,15400,15400,15400,15400,0,0,0,0
part558,15400,15400,15400,15400,15400,15400,15400,15400,15400,15400,15400,15400,15400
part559,17600,17600,17600,17600,17600,17600,17600,17600,0,0,0,0,0
part560,2200,2200,2200,2200,2200,2200,2200,0,0,0,0,0,0
part561,15400,15400,15400,15400,15400,15400,15400,15400,15400,15400,15400,15400,0
part562,11000,11000,11000,0,0,0,0,0,0,0,0,0,0
part563,2200,2200,2200,2200,2200,2200,0,0,0,0,0,0,0
part564,0,0,0,0,0,0,0,0,0,0,0,0,0
part565,13200,13200,13200,13200,13200,13200,13200,13200,13200,0,0,0,0
part566,19800,19800,19800,19800,19800,19800,19800,19800,0,0,0,0,0
part567,8800,8800,8800,8800,8800,8800,8800,8800,8800,8800,8800,8800,8800
part568,15400,15400,15400,15400,15400,15400,15400,15400,0,0,0,0,0
part569,22000,22000,22000,22000,22000,22000,22000,22000,22000,22000,0,0,0
part570,4400,4400,4400,4400,4400,4400,4400,4400,4400,4400,4400,4400,0
part571,13200,13200,13200,13200,13200,13200,13200,13200,13200,0,0,0,0
part572,13200,13200,13200,13200,13200,0,0,0,0,0,0,0,0
part573,19800,19800,19800,19800,0,0,0,0,0,0,0,0,0
part574,13200,13200,13200,13200,13200,13200,13200,13200,13200,0,0,0,0
part575,6600,6600,6600,6600,6600,6600,6600,6600,6600,6600,0,0,0
part576,11000,0,0,0,0,0,0,0,0,0,0,0,0
part577,4400,4400,4400,4400,4400,4400,0,0,0,0,0,0,0
part578,11000,11000,11000,11000,0,0,0,0,0,0,0,0,0
part579,8800,8800,8800,8800,8800,8800,8800,8800,8800,0,0,0,0
part580,22000,22000,22000,22000,22000,22000,22000,22000,22000,22000,22000,22000,22000
part581,15400,15400,0,0,0,0,0,0,0,0,0,0,0
part582,17600,0,0,0,0,0,0,0,0,0,0,0,0
part583,0,0,0,0,0,0,0,0,0,0,0,0,0
part584,8800,8800,8800,8800,8800,8800,8800,0,0,0,0,0,0
part585,11000,11000,11000,11000,11000,11000,11000,11000,11000,11000,0,0,0
part586,0,0,0,0,0,0,0,0,0,0,0,0,0
part587,19800,19800,19800,19800,19800,19800,0,0,0,0,0,0,0
part588,2200,2200,2200,2200,2200,2200,2200,2200,2200,0,0,0,0
part589,4400,4400,0,0,0,0,0,0,0,0,0,0,0
part590,19800,19800,0,0,0,0,0,0,0,0,0,0,0
part591,19800,19800,19800,19800,19800,19800,19800,19800,0,0,0,0,0
part592,6600,6600,6600,6600,6600,6600,6600,6600,6600,6600,6600,6600,6600
part593,19800,19800,19800,19800,0,0,0,0,0,0,0,0,0
part594,13200,13200,13200,13200,13200,13200,13200,13200,13200,13200,13200,13200,13200
part595,0,0,0,0,0,0,0,0,0,0,0,0,0
part596,19800,19800,19800,19800,19800,19800,0,0,0,0,0,0,0
part597,13200,13200,0,0,0,0,0,0,0,0,0,0,0
part598,15400,15400,15400,15400,15400,15400,15400,15400,15400,15400,15400,15400,0
part599,2200,2200,2200,2200,2200,2200,2200,2200,2200,2200,2200,2200,0
part600,0,0,0,0,0,0,0,0,0,0,0,0,0
part601,0,0,0,0,0,0,0,0,0,0,0,0,0
part602,6600,6600,6600,0,0,0,0,0,0,0,0,0,0
part603,4400,4400,4400,4400,4400,4400,0,0,0,0,0,0,0
part604,2200,2200,0,0,0,0,0,0,0,0,0,0,0
part605,2200,2200,2200,2200,2200,0,0,0,0,0,0,0,0
part606,17600,17600,17600,17600,17600,0,0,0,0,0,0,0,0
part607,22000,0,0,0,0,0,0,0,0,0,0,0,0
part608,6600,6600,0,0,0,0,0,0,0,0,0,0,0
part609,19800,19800,0,0,0,0,0,0,0,0,0,0,0
part610,6600,6600,6600,6600,6600,6600,6600,6600,6600,6600,6600,6600,6600
part611,11000,11000,11000,11000,11000,11000,0,0,0,0,0,0,0
part612,19800,19800,19800,19800,19800,19800,19800,19800,19800,0,0,0,0
part613,4400,4400,4400,4400,4400,4400,4400,4400,4400,4400,4400,0,0
part614,0,0,0,0,0,0,0,0,0,0,0,0,0
part615,6600,6600,6600,6600,6600,6600,6600,0,0,0,0,0,0
part616,22000,22000,22000,22000,22000,0,0,0,0,0,0,0,0
part617,8800,8800,8800,8800,8800,8800,8800,0,0,0,0,0,0
part618,15400,0,0,0,0,0,0,0,0,0,0,0,0
part619,17600,0,0,0,0,0,0,0,0,0,0,0,0
part620,8800,8800,8800,8800,8800,8800,8800,8800,8800,8800,0,0,0
part621,22000,22000,22000,22000,22000,22000,22000,22000,22000,22000,0,0,0
part622,8800,8800,0,0,0,0,0,0,0,0,0,0,0
part623,13200,13200,13200,13200,13200,13200,0,0,0,0,0,0,0
part624,11000,11000,11000,0,0,0,0,0,0,0,0,0,0
part625,4400,4400,4400,0,0,0,0,0,0,0,0,0,0
part626,0,0,0,0,0,0,0,0,0,0,0,0,0
part627,8800,8800,8800,8800,8800,8800,8800,8800,0,0,0,0,0
part628,2200,0,0,0,0,0,0,0,0,0,0,0,0
part629,0,0,0,0,0,0,0,0,0,0,0,0,0
part630,11000,11000,0,0,0,0,0,0,0,0,0,0,0
part631,15400,15400,15400,15400,15400,15400,15400,15400,0,0,0,0,0
part632,19800,19800,19800,19800,19800,0,0,0,0,0,0,0,0
part633,15400,15400,15400,15400,15400,15400,15400,15400,0,0,0,0,0
part634,17600,17600,17600,17600,17600,17600,17600,17600,17600,17600,0,0,0
part635,2200,2200,2200,2200,2200,2200,2200,2200,2200,0,0,0,0
part636,13200,13200,13200,13200,13200,13200,13200,13200,0,0,0,0,0
part637,19800,19800,19800,19800,19800,19800,19800,19800,19800,19800,19800,19800,0
part638,13200,13200,13200,13200,13200,13200,0,0,0,0,0,0,0
part639,15400,15400,0,0,0,0,0,0,0,0,0,0,0
part640,4400,4400,4400,4400,4400,4400,4400,4400,4400,0,0,0,0
part641,19800,19800,0,0,0,0,0,0,0,0,0,0,0
part642,19800,19800,19800,19800,19800,19800,0,0,0,0,0,0,0
part643,6600,6600,6600,6600,6600,6600,6600,0,0,0,0,0,0
part644,22000,22000,22000,22000,22000,22000,22000,22000,0,0,0,0,0
part645,15400,15400,15400,15400,15400,15400,0,0,0,0,0,0,0
part646,13200,13200,13200,13200,13200,0,0,0,0,0,0,0,0
part647,19800,19800,19800,19800,19800,19800,19800,19800,19800,19800,19800,19800,19800
part648,19800,19800,19800,19800,19800,19800,19800,19800,19800,19800,19800,0,0
part649,17600,17600,17600,17600,17600,17600,17600,17600,17600,17600,0,0,0
part650,11000,11000,11000,11000,0,0,0,0,0,0,0,0,0
part651,8800,8800,8800,8800,8800,8800,8800,8800,8800,8800,0,0,0
part652,15400,15400,15400,15400,15400,0,0,0,0,0,0,0,0
part653,8800,8800,0,0,0,0,0,0,0,0,0,0,0
part654,4400,4400,4400,4400,4400,4400,4400,0,0,0,0,0,0
part655,6600,6600,6600,6600,6600,6600,6600,6600,6600,0,0,0,0
part656,15400,15400,15400,15400,0,0,0,0,0,0,0,0,0
part657,15400,15400,15400,15400,15400,15400,15400,15400,15400,15400,15400,15400,0
part658,11000,11000,11000,0,0,0,0,0,0,0,0,0,0
part659,4400,4400,4400,0,0,0,0,0,0,0,0,0,0
part660,8800,8800,8800,8800,8800,8800,8800,8800,8800,8800,8800,0,0
part661,22000,0,0,0,0,0,0,0,0,0,0,0,0
part662,0,0,0,0,0,0,0,0,0,0,0,0,0
part663,13200,13200,13200,13200,13200,13200,13200,13200,0,0,0,0,0
part664,11000,11000,11000,11000,11000,11000,0,0,0,0,0,0,0
part665,6600,6600,6600,6600,0,0,0,0,0,0,0,0,0
part666,15400,15400,15400,15400,0,0,0,0,0,0,0,0,0
part667,17600,17600,17600,17600,17600,17600,17600,17600,17600,17600,17600,17600,0
part668,2200,2200,2200,0,0,0,0,0,0,0,0,0,0
part669,11000,0,0,0,0,0,0,0,0,0,0,0,0
part670,6600,6600,6600,6600,6600,6600,6600,6600,6600,6600,6600,6600,0
part671,0,0,0,0,0,0,0,0,0,0,0,0,0
part672,17600,17600,17600,17600,17600,17600,17600,17600,17600,17600,17600,17600,0
part673,22000,22000,22000,22000,0,0,0,0,0,0,0,0,0
part674,17600,17600,17600,17600,17600,17600,17600,17600,17600,17600,0,0,0
part675,19800,19800,19800,0,0,0,0,0,0,0,0,0,0
part676,2200,2200,2200,2200,2200,0,0,0,0,0,0,0,0
part677,0,0,0,0,0,0,0,0,0,0,0,0,0
part678,2200,2200,2200,2200,2200,2200,2200,2200,2200,2200,2200,2200,0
part679,19800,19800,19800,19800,19800,19800,19800,19800,19800,19800,0,0,0
part680,0,0,0,0,0,0,0,0,0,0,0,0,0
part681,15400,15400,15400,15400,15400,15400,0,0,0,0,0,0,0
part682,11000,0,0,0,0,0,0,0,0,0,0,0,0
part683,4400,4400,4400,4400,4400,4400,0,0,0,0,0,0,0
part684,11000,11000,11000,11000,11000,11000,0,0,0,0,0,0,0
part685,13200,13200,13200,0,0,0,0,0,0,0,0,0,0
part686,0,0,0,0,0,0,0,0,0,0,0,0,0
part687,4400,4400,4400,4400,4400,4400,0,0,0,0,0,0,0
part688,8800,8800,8800,8800,8800,8800,8800,8800,8800,8800,8800,8800,0
part689,6600,0,0,0,0,0,0,0,0,0,0,0,0
part690,0,0,0,0,0,0,0,0,0,0,0,0,0
part691,0,0,0,0,0,0,0,0,0,0,0,0,0
part692,4400,4400,4400,4400,4400,4400,4400,4400,0,0,0,0,0
part693,4400,0,0,0,0,0,0,0,0,0,0,0,0
part694,4400,4400,4400,4400,4400,4400,0,0,0,0,0,0,0
part695,13200,13200,13200,13200,13200,13200,13200,13200,13200,13200,0,0,0
part696,17600,17600,17600,17600,17600,17600,17600,0,0,0,0,0,0
part697,15400,15400,15400,15400,0,0,0,0,0,0,0,0,0
part698,6600,6600,6600,6600,6600,6600,6600,6600,6600,6600,0,0,0
part699,19800,19800,19800,0,0,0,0,0,0,0,0,0,0
part700,19800,0,0,0,0,0,0,0,0,0,0,0,0
part701,0,0,0,0,0,0,0,0,0,0,0,0,0
part702,22000,22000,0,0,0,0,0,0,0,0,0,0,0
part703,22000,22000,22000,0,0,0,0,0,0,0,0,0,0
part704,17600,17600,17600,17600,17600,17600,17600,17600,17600,17600,0,0,0
part705,19800,19800,19800,19800,19800,19800,0,0,0,0,0,0,0
part706,17600,17600,17600,17600,17600,17600,17600,17600,17600,17600,17600,0,0
part707,22000,22000,22000,22000,22000,22000,0,0,0,0,0,0,0
part708,4400,4400,4400,4400,4400,4400,4400,4400,4400,4400,4400,4400,0
part709,22000,22000,22000,0,0,0,0,0,0,0,0,0,0
part710,4400,4400,4400,4400,4400,4400,4400,4400,4400,0,0,0,0
part711,17600,17600,17600,17600,17600,17600,17600,17600,17600,17600,0,0,0
part712,0,0,0,0,0,0,0,0,0,0,0,0,0
part713,13200,13200,13200,13200,13200,0,0,0,0,0,0,0,0
part714,19800,0,0,0,0,0,0,0,0,0,0,0,0
part715,0,0,0,0,0,0,0,0,0,0,0,0,0
part716,13200,13200,13200,13200,13200,13200,13200,13200,13200,0,0,0,0
part717,11000,11000,11000,11000,11000,11000,11000,11000,11000,11000,11000,11000,11000
part718,13200,13200,13200,13200,13200,0,0,0,0,0,0,0,0
part719,4400,4400,4400,4400,4400,4400,4400,4400,4400,4400,0,0,0
part720,4400,4400,4400,4400,4400,4400,4400,4400,4400,4400,0,0,0
part721,4400,4400,4400,4400,4400,4400,4400,0,0,0,0,0,0
part722,8800,8800,8800,8800,8800,8800,8800,8800,0,0,0,0,0
part723,4400,4400,4400,4400,0,0,0,0,0,0,0,0,0
part724,17600,17600,17600,17600,17600,17600,17600,17600,17600,0,0,0,0
part725,15400,15400,15400,15400,15400,15400,15400,0,0,0,0,0,0
part726,15400,15400,15400,15400,15400,15400,15400,15400,15400,15400,15400,15400,15400
part727,8800,8800,8800,8800,8800,0,0,0,0,0,0,0,0
part728,19800,19800,19800,19800,19800,19800,19800,19800,19800,19800,19800,0,0
part729,2200,2200,2200,2200,2200,2200,2200,2200,2200,2200,2200,2200,2200
part730,15400,15400,15400,0,0,0,0,0,0,0,0,0,0
part731,2200,2200,2200,2200,2200,0,0,0,0,0,0,0,0
part732,13200,13200,0,0,0,0,0,0,0,0,0,0,0
part733,15400,15400,15400,15400,15400,15400,15400,15400,15400,15400,15400,15400,15400
part734,17600,17600,17600,17600,17600,17600,17600,17600,17600,17600,17600,17600,17600
part735,13200,13200,13200,13200,13200,13200,0,0,0,0,0,0,0
part736,17600,17600,17600,17600,0,0,0,0,0,0,0,0,0
part737,0,0,0,0,0,0,0,0,0,0,0,0,0
part738,0,0,0,0,0,0,0,0,0,0,0,0,0
part739,0,0,0,0,0,0,0,0,0,0,0,0,0
part740,8800,8800,8800,0,0,0,0,0,0,0,0,0,0
part741,0,0,0,0,0,0,0,0,0,0,0,0,0
part742,17600,17600,17600,17600,17600,17600,17600,0,0,0,0,0,0
part743,15400,0,0,0,0,0,0,0,0,0,0,0,0
part744,8800,8800,8800,8800,8800,8800,8800,8800,8800,8800,8800,8800,0
part745,2200,2200,2200,2200,2200,2200,2200,2200,0,0,0,0,0
part746,13200,13200,13200,13200,13200,13200,0,0,0,0,0,0,0
part747,17600,17600,17600,17600,17600,17600,17600,17600,0,0,0,0,0
part748,11000,11000,11000,11000,11000,11000,11000,0,0,0,0,0,0
part749,19800,19800,19800,19800,19800,19800,19800,19800,19800,19800,19800,19800,0
part750,13200,13200,13200,13200,0,0,0,0,0,0,0,0,0
part751,19800,19800,19800,0,0,0,0,0,0,0,0,0,0
part752,8800,8800,8800,8800,0,0,0,0,0,0,0,0,0
part753,17600,17600,17600,17600,17600,17600,17600,17600,17600,17600,17600,17600,0
part754,11000,0,0,0,0,0,0,0,0,0,0,0,0
part755,11000,11000,11000,11000,11000,11000,11000,11000,0,0,0,0,0
part756,2200,0,0,0,0,0,0,0,0,0,0,0,0
part757,11000,11000,11000,11000,11000,11000,11000,0,0,0,0,0,0
part758,19800,19800,19800,19800,19800,0,0,0,0,0,0,0,0
part759,2200,2200,2200,0,0,0,0,0,0,0,0,0,0
part760,2200,2200,2200,2200,2200,2200,2200,2200,2200,2200,2200,2200,0
part761,13200,13200,13200,0,0,0,0,0,0,0,0,0,0
part762,2200,2200,2200,2200,2200,2200,2200,2200,2200,2200,0,0,0
part763,13200,13200,13200,13200,13200,13200,0,0,0,0,0,0,0
part764,8800,8800,8800,8800,8800,8800,8800,8800,0,0,0,0,0
part765,13200,13200,0,0,0,0,0,0,0,0,0,0,0
part766,17600,17600,17600,17600,17600,0,0,0,0,0,0,0,0
part767,17600,17600,17600,17600,17600,17600,0,0,0,0,0,0,0
part768,13200,13200,13200,13200,13200,13200,13200,13200,13200,13200,13200,13200,0
part769,4400,4400,4400,0,0,0,0,0,0,0,0,0,0
part770,17600,17600,17600,17600,17600,17600,17600,17600,17600,0,0,0,0
part771,4400,4400,4400,4400,4400,4400,4400,4400,4400,4400,4400,0,0
part772,6600,6600,6600,6600,6600,6600,6600,6600,6600,6600,0,0,0
part773,6600,6600,6600,6600,6600,6600,6600,6600,6600,6600,6600,6600,6600
part774,0,0,0,0,0,0,0,0,0,0,0,0,0
part775,8800,8800,8800,8800,0,0,0,0,0,0,0,0,0
part776,19800,19800,19800,19800,19800,19800,19800,19800,19800,19800,19800,19800,19800
part777,6600,6600,6600,6600,6600,0,0,0,0,0,0,0,0
part778,22000,22000,22000,0,0,0,0,0,0,0,0,0,0
part779,22000,22000,22000,22000,22000,22000,22000,22000,22000,22000,0,0,0
part780,17600,17600,0,0,0,0,0,0,0,0,0,0,0
part781,19800,19800,19800,0,0,0,0,0,0,0,0,0,0
part782,8800,8800,8800,8800,0,0,0,0,0,0,0,0,0
part783,19800,19800,19800,19800,19800,19800,19800,0,0,0,0,0,0
part784,13200,13200,13200,13200,13200,0,0,0,0,0,0,0,0
part785,22000,22000,22000,22000,22000,22000,22000,22000,22000,0,0,0,0
part786,6600,0,0,0,0,0,0,0,0,0,0,0,0
part787,15400,15400,15400,15400,0,0,0,0,0,0,0,0,0
part788,0,0,0,0,0,0,0,0,0,0,0,0,0
part789,6600,6600,6600,6600,6600,6600,6600,6600,6600,0,0,0,0
part790,11000,11000,11000,0,0,0,0,0,0,0,0,0,0
part791,4400,4400,4400,4400,4400,4400,4400,4400,0,0,0,0,0
part792,4400,4400,4400,4400,4400,4400,0,0,0,0,0,0,0
part793,11000,11000,11000,11000,11000,0,0,0,0,0,0,0,0
part794,2200,2200,2200,2200,2200,0,0,0,0,0,0,0,0
part795,11000,11000,11000,11000,11000,11000,11000,0,0,0,0,0,0
part796,11000,11000,11000,11000,11000,0,0,0,0,0,0,0,0
part797,4400,4400,4400,4400,4400,4400,4400,0,0,0,0,0,0
part798,11000,11000,11000,11000,11000,11000,11000,11000,11000,11000,11000,11000,0
part799,2200,2200,2200,0,0,0,0,0,0,0,0,0,0
part800,17600,17600,17600,17600,17600,17600,17600,17600,17600,17600,0,0,0
part801,13200,13200,13200,0,0,0,0,0,0,0,0,0,0
part802,11000,11000,11000,11000,11000,11000,11000,11000,11000,0,0,0,0
part803,6600,0,0,0,0,0,0,0,0,0,0,0,0
part804,11000,11000,11000,11000,0,0,0,0,0,0,0,0,0
part805,15400,15400,15400,15400,15400,15400,15400,0,0,0,0,0,0
part806,2200,2200,2200,2200,2200,0,0,0,0,0,0,0,0
part807,15400,15400,15400,0,0,0,0,0,0,0,0,0,0
part808,15400,15400,15400,15400,15400,0,0,0,0,0,0,0,0
part809,11000,0,0,0,0,0,0,0,0,0,0,0,0
part810,11000,11000,11000,11000,0,0,0,0,0,0,0,0,0
part811,15400,15400,15400,15400,15400,15400,15400,0,0,0,0,0,0
part812,15400,15400,15400,0,0,0,0,0,0,0,0,0,0
part813,13200,13200,13200,13200,13200,13200,13200,13200,13200,13200,13200,0,0
part814,0,0,0,0,0,0,0,0,0,0,0,0,0
part815,13200,13200,13200,13200,13200,0,0,0,0,0,0,0,0
part816,19800,19800,19800,19800,19800,19800,19800,19800,19800,19800,19800,19800,19800
part817,2200,2200,2200,2200,2200,2200,2200,2200,0,0,0,0,0
part818,15400,15400,15400,15400,15400,15400,15400,15400,15400,15400,15400,15400,0
part819,19800,19800,0,0,0,0,0,0,0,0,0,0,0
part820,15400,15400,15400,15400,15400,15400,15400,15400,15400,15400,15400,15400,15400
part821,15400,15400,15400,15400,15400,15400,15400,15400,0,0,0,0,0
part822,22000,22000,22000,0,0,0,0,0,0,0,0,0,0
part823,6600,6600,6600,6600,6600,6600,6600,6600,6600,6600,6600,0,0
part824,2200,2200,2200,2200,2200,2200,2200,2200,2200,2200,2200,2200,2200
part825,11000,11000,11000,11000,11000,11000,11000,11000,11000,11000,0,0,0
part826,22000,22000,22000,22000,22000,22000,22000,22000,22000,22000,22000,22000,0
part827,4400,4400,4400,4400,4400,4400,4400,4400,0,0,0,0,0
part828,17600,17600,17600,17600,17600,17600,17600,17600,0,0,0,0,0
part829,13200,13200,13200,13200,13200,13200,13200,13200,13200,13200,13200,0,0
part830,4400,4400,0,0,0,0,0,0,0,0,0,0,0
part831,11000,11000,11000,11000,11000,11000,0,0,0,0,0,0,0
part832,15400,0,0,0,0,0,0,0,0,0,0,0,0
part833,0,0,0,0,0,0,0,0,0,0,0,0,0
part834,4400,4400,4400,4400,4400,4400,4400,4400,4400,4400,4400,0,0
part835,22000,22000,22000,22000,22000,22000,22000,22000,22000,22000,0,0,0
part836,8800,8800,8800,0,0,0,0,0,0,0,0,0,0
part837,8800,8800,8800,0,0,0,0,0,0,0,0,0,0
part838,2200,0,0,0,0,0,0,0,0,0,0,0,0
part839,17600,17600,17600,0,0,0,0,0,0,0,0,0,0
part840,15400,15400,15400,15400,0,0,0,0,0,0,0,0,0
part841,13200,13200,13200,13200,13200,13200,13200,13200,13200,13200,13200,13200,0
part842,8800,0,0,0,0,0,0,0,0,0,0,0,0
part843,0,0,0,0,0,0,0,0,0,0,0,0,0
part844,2200,2200,2200,2200,2200,2200,2200,2200,2200,2200,2200,2200,0
part845,11000,11000,11000,11000,11000,11000,11000,11000,11000,11000,11000,11000,0
part846,0,0,0,0,0,0,0,0,0,0,0,0,0
part847,22000,22000,22000,22000,22000,22000,22000,22000,22000,22000,22000,0,0
part848,4400,4400,4400,0,0,0,0,0,0,0,0,0,0
part849,15400,15400,0,0,0,0,0,0,0,0,0,0,0
part850,22000,22000,22000,22000,22000,22000,22000,22000,22000,22000,22000,22000,0
part851,19800,19800,19800,0,0,0,0,0,0,0,0,0,0
part852,8800,8800,8800,8800,8800,8800,0,0,0,0,0,0,0
part853,19800,19800,19800,19800,19800,19800,19800,0,0,0,0,0,0
part854,15400,15400,15400,15400,15400,15400,15400,15400,0,0,0,0,0
part855,13200,13200,13200,13200,13200,13200,13200,13200,13200,0,0,0,0
part856,0,0,0,0,0,0,0,0,0,0,0,0,0
part857,15400,15400,15400,15400,0,0,0,0,0,0,0,0,0
part858,0,0,0,0,0,0,0,0,0,0,0,0,0
part859,15400,15400,15400,15400,15400,15400,15400,15400,15400,15400,15400,15400,0
part860,8800,8800,8800,8800,8800,8800,8800,8800,8800,0,0,0,0
part861,4400,4400,4400,0,0,0,0,0,0,0,0,0,0
part862,2200,2200,2200,2200,2200,2200,2200,2200,2200,0,0,0,0
part863,13200,13200,13200,13200,13200,13200,13200,13200,13200,13200,13200,13200,13200
part864,11000,11000,11000,11000,11000,11000,0,0,0,0,0,0,0
part865,4400,4400,4400,0,0,0,0,0,0,0,0,0,0
part866,11000,11000,11000,11000,11000,11000,11000,11000,11000,11000,11000,11000,11000
part867,0,0,0,0,0,0,0,0,0,0,0,0,0
part868,19800,19800,19800,19800,19800,0,0,0,0,0,0,0,0
part869,6600,6600,6600,6600,6600,6600,6600,6600,6600,0,0,0,0
part870,0,0,0,0,0,0,0,0,0,0,0,0,0
part871,4400,4400,4400,4400,4400,0,0,0,0,0,0,0,0
part872,8800,8800,8800,8800,8800,0,0,0,0,0,0,0,0
part873,11000,11000,11000,11000,11000,11000,11000,11000,11000,11000,11000,11000,0
part874,8800,8800,8800,8800,8800,8800,8800,8800,8800,0,0,0,0
part875,4400,4400,4400,4400,4400,4400,4400,4400,4400,4400,4400,4400,0
part876,11000,11000,11000,11000,11000,11000,11000,0,0,0,0,0,0
part877,6600,6600,6600,6600,6600,6600,6600,6600,6600,6600,0,0,0
part878,6600,6600,6600,6600,6600,6600,6600,6600,6600,6600,6600,0,0
part879,15400,15400,15400,15400,15400,15400,15400,15400,15400,0,0,0,0
part880,19800,19800,19800,19800,19800,19800,19800,19800,19800,19800,0,0,0
part881,8800,8800,8800,0,0,0,0,0,0,0,0,0,0
part882,8800,8800,8800,0,0,0,0,0,0,0,0,0,0
part883,22000,22000,22000,22000,22000,22000,22000,22000,22000,22000,22000,0,0
part884,8800,8800,8800,8800,8800,8800,8800,8800,8800,8800,8800,8800,0
part885,6600,6600,6600,6600,6600,6600,6600,6600,6600,6600,6600,6600,0
part886,11000,11000,11000,11000,11000,11000,11000,11000,11000,11000,11000,0,0
part887,6600,6600,6600,6600,0,0,0,0,0,0,0,0,0
part888,4400,4400,4400,4400,0,0,0,0,0,0,0,0,0
part889,17600,17600,17600,0,0,0,0,0,0,0,0,0,0
part890,11000,11000,11000,11000,11000,11000,11000,11000,0,0,0,0,0
part891,8800,8800,8800,8800,8800,8800,8800,8800,8800,8800,8800,0,0
part892,8800,0,0,0,0,0,0,0,0,0,0,0,0
part893,6600,6600,6600,6600,6600,6600,6600,6600,6600,6600,0,0,0
part894,13200,13200,13200,0,0,0,0,0,0,0,0,0,0
part895,2200,2200,2200,2200,2200,2200,2200,2200,0,0,0,0,0
part896,8800,8800,0,0,0,0,0,0,0,0,0,0,0
part897,11000,11000,11000,11000,11000,11000,11000,11000,11000,11000,11000,0,0
part898,13200,13200,13200,13200,13200,13200,13200,13200,0,0,0,0,0
part899,15400,15400,15400,15400,15400,15400,15400,15400,15400,15400,0,0,0
part900,11000,11000,11000,11000,11000,11000,11000,11000,0,0,0,0,0
part901,37400,0,0,0,0,0,0,0,0,0,0,0,0
part902,30800,30800,30800,30800,30800,30800,30800,0,0,0,0,0,0
part903,37400,37400,37400,37400,37400,0,0,0,0,0,0,0,0
part904,24200,24200,24200,24200,24200,24200,24200,24200,24200,0,0,0,0
part905,26400,26400,26400,26400,26400,26400,26400,26400,26400,26400,26400,0,0
part906,39600,39600,39600,39600,0,0,0,0,0,0,0,0,0
part907,30800,30800,30800,30800,30800,30800,30800,30800,30800,0,0,0,0
part908,44000,44000,44000,0,0,0,0,0,0,0,0,0,0
part909,33000,33000,33000,33000,33000,33000,33000,33000,33000,0,0,0,0
part910,44000,44000,44000,44000,44000,44000,44000,0,0,0,0,0,0
part911,35200,35200,35200,35200,35200,35200,35200,35200,0,0,0,0,0
part912,39600,39600,39600,39600,39600,39600,39600,39600,0,0,0,0,0
part913,26400,26400,26400,26400,26400,26400,26400,26400,26400,26400,0,0,0
part914,28600,28600,28600,28600,28600,28600,28600,28600,28600,28600,28600,0,0
part915,41800,41800,41800,41800,41800,41800,41800,41800,41800,41800,41800,0,0
part916,33000,33000,33000,33000,33000,33000,33000,33000,33000,0,0,0,0
part917,44000,44000,44000,44000,44000,44000,44000,44000,0,0,0,0,0
part918,33000,33000,33000,33000,0,0,0,0,0,0,0,0,0
part919,33000,33000,33000,33000,33000,33000,0,0,0,0,0,0,0
part920,28600,28600,28600,28600,28600,28600,0,0,0,0,0,0,0
part921,37400,37400,37400,37400,37400,37400,37400,0,0,0,0,0,0
part922,39600,39600,39600,39600,39600,39600,39600,39600,39600,0,0,0,0
part923,33000,33000,33000,33000,33000,33000,33000,33000,33000,33000,33000,33000,0
part924,44000,44000,44000,44000,44000,44000,44000,44000,44000,0,0,0,0
part925,41800,41800,41800,41800,41800,41800,41800,41800,41800,41800,41800,41800,0
part926,41800,41800,41800,0,0,0,0,0,0,0,0,0,0
part927,24200,24200,24200,24200,24200,24200,24200,24200,24200,24200,24200,0,0
part928,28600,28600,28600,28600,28600,28600,28600,0,0,0,0,0,0
part929,35200,35200,35200,35200,35200,35200,35200,35200,35200,35200,35200,35200,0
part930,24200,24200,24200,24200,24200,24200,24200,0,0,0,0,0,0
part931,30800,30800,30800,30800,30800,30800,30800,30800,30800,0,0,0,0
part932,26400,26400,26400,26400,26400,26400,26400,26400,26400,26400,26400,0,0
part933,37400,37400,37400,0,0,0,0,0,0,0,0,0,0
part934,37400,37400,37400,37400,37400,37400,37400,37400,0,0,0,0,0
part935,30800,30800,30800,30800,30800,30800,30800,30800,30800,30800,30800,30800,30800
part936,41800,41800,41800,41800,41800,41800,0,0,0,0,0,0,0
part937,26400,26400,26400,26400,26400,26400,26400,26400,26400,26400,26400,26400,26400
part938,37400,0,0,0,0,0,0,0,0,0,0,0,0
part939,39600,39600,39600,39600,39600,39600,39600,39600,39600,0,0,0,0
part940,24200,24200,24200,24200,24200,24200,24200,24200,0,0,0,0,0
part941,28600,28600,28600,28600,0,0,0,0,0,0,0,0,0
part942,33000,33000,33000,33000,33000,33000,33000,33000,33000,33000,33000,33000,0
part943,28600,28600,28600,28600,28600,28600,28600,28600,28600,0,0,0,0
part944,41800,41800,41800,41800,41800,41800,41800,41800,41800,41800,0,0,0
part945,33000,33000,33000,0,0,0,0,0,0,0,0,0,0
part946,37400,37400,37400,37400,37400,37400,37400,37400,37400,37400,37400,0,0
part947,26400,0,0,0,0,0,0,0,0,0,0,0,0
part948,44000,44000,44000,44000,0,0,0,0,0,0,0,0,0
part949,26400,26400,26400,26400,26400,26400,26400,26400,26400,26400,0,0,0
part950,39600,39600,39600,39600,39600,39600,0,0,0,0,0,0,0
part951,44000,44000,44000,44000,0,0,0,0,0,0,0,0,0
part952,39600,39600,39600,39600,39600,39600,39600,39600,0,0,0,0,0
part953,39600,39600,39600,39600,39600,39600,39600,39600,39600,0,0,0,0
part954,24200,24200,24200,24200,24200,24200,0,0,0,0,0,0,0
part955,35200,35200,35200,35200,35200,35200,35200,35200,35200,35200,0,0,0
part956,26400,26400,26400,26400,26400,26400,26400,26400,26400,26400,26400,26400,26400
part957,35200,35200,35200,35200,35200,35200,35200,35200,35200,35200,0,0,0
part958,37400,37400,37400,37400,37400,0,0,0,0,0,0,0,0
part959,41800,0,0,0,0,0,0,0,0,0,0,0,0
part960,24200,24200,0,0,0,0,0,0,0,0,0,0,0
part961,37400,37400,37400,37400,37400,37400,37400,37400,0,0,0,0,0
part962,26400,26400,26400,26400,0,0,0,0,0,0,0,0,0
part963,39600,39600,39600,39600,39600,39600,39600,39600,39600,39600,39600,39600,39600
part964,41800,41800,41800,41800,41800,41800,41800,0,0,0,0,0,0
part965,24200,24200,24200,24200,24200,0,0,0,0,0,0,0,0
part966,33000,33000,33000,33000,33000,33000,33000,0,0,0,0,0,0
part967,39600,39600,39600,39600,39600,39600,39600,39600,0,0,0,0,0
part968,28600,28600,28600,0,0,0,0,0,0,0,0,0,0
part969,24200,24200,24200,24200,24200,24200,24200,24200,24200,24200,24200,24200,0
part970,37400,37400,37400,37400,37400,0,0,0,0,0,0,0,0
part971,26400,26400,26400,26400,26400,26400,26400,26400,26400,26400,26400,26400,26400
part972,26400,26400,26400,26400,26400,26400,26400,26400,26400,26400,26400,0,0
part973,44000,44000,44000,44000,44000,44000,44000,44000,44000,44000,44000,0,0
part974,39600,0,0,0,0,0,0,0,0,0,0,0,0
part975,44000,44000,44000,44000,0,0,0,0,0,0,0,0,0
part976,24200,24200,0,0,0,0,0,0,0,0,0,0,0
part977,41800,41800,41800,41800,41800,41800,41800,41800,41800,41800,41800,0,0
part978,35200,35200,35200,35200,35200,0,0,0,0,0,0,0,0
part979,28600,28600,28600,28600,0,0,0,0,0,0,0,0,0
part980,30800,30800,30800,30800,30800,30800,30800,0,0,0,0,0,0
part981,33000,33000,0,0,0,0,0,0,0,0,0,0,0
part982,30800,30800,30800,30800,30800,30800,0,0,0,0,0,0,0
part983,28600,28600,28600,28600,28600,0,0,0,0,0,0,0,0
part984,35200,35200,35200,35200,35200,35200,35200,35200,35200,35200,35200,0,0
part985,41800,41800,41800,41800,41800,41800,41800,41800,41800,41800,41800,41800,41800
part986,26400,26400,26400,26400,26400,26400,26400,26400,26400,26400,26400,26400,26400
part987,26400,26400,26400,26400,26400,26400,26400,26400,0,0,0,0,0
part988,44000,44000,44000,44000,44000,44000,44000,44000,44000,44000,44000,0,0
part989,33000,33000,33000,33000,33000,33000,33000,33000,33000,33000,33000,33000,33000
part990,26400,26400,26400,26400,26400,0,0,0,0,0,0,0,0
part991,33000,33000,33000,33000,33000,33000,33000,33000,33000,33000,33000,33000,33000
part992,30800,30800,30800,30800,0,0,0,0,0,0,0,0,0
part993,30800,30800,30800,30800,30800,30800,30800,30800,30800,30800,0,0,0
part994,37400,37400,37400,37400,37400,37400,0,0,0,0,0,0,0
part995,33000,33000,33000,0,0,0,0,0,0,0,0,0,0
part996,41800,41800,41800,41800,41800,41800,41800,41800,0,0,0,0,0
part997,37400,37400,37400,37400,37400,37400,37400,37400,37400,37400,37400,37400,0
part998,44000,44000,44000,44000,44000,44000,44000,44000,44000,44000,44000,44000,44000
part999,33000,33000,33000,33000,33000,0,0,0,0,0,0,0,0
part1000,28600,28600,28600,28600,28600,28600,28600,28600,28600,0,0,0,0
